datetime,preciptype,sunrise,sunset,conditions,description,icon,stations
2023-10-01,rain,2023-10-01T07:49:34,2023-10-01T19:30:27,"Rain, Partially cloudy",Partly cloudy throughout the day with morning rain.,rain,"07149099999,07156099999,07146099999,07157099999,C1292,07147099999,07150099999"
2023-10-02,,2023-10-02T07:51:01,2023-10-02T19:28:21,Partially cloudy,Partly cloudy throughout the day.,partly-cloudy-day,"07149099999,07156099999,07146099999,07157099999,C1292,07147099999,07150099999"
2023-10-03,rain,2023-10-03T07:52:29,2023-10-03T19:26:16,"Rain, Partially cloudy",Partly cloudy throughout the day with rain in the morning and afternoon.,rain,"07149099999,07156099999,07146099999,LFPV,07157099999,C1292,07147099999,LFPO,07150099999,LFPB"
2023-10-04,rain,2023-10-04T07:53:57,2023-10-04T19:24:10,"Rain, Partially cloudy",Partly cloudy throughout the day with morning rain.,rain,"07149099999,07156099999,07146099999,LFPV,07145099999,07157099999,C1292,07147099999,LFPO,07150099999,LFPB"
2023-10-05,rain,2023-10-05T07:55:25,2023-10-05T19:22:06,"Rain, Partially cloudy",Partly cloudy throughout the day with morning rain.,rain,"07149099999,07156099999,07146099999,LFPV,07145099999,07157099999,C1292,07147099999,LFPO,07150099999,LFPB"
2023-10-06,rain,2023-10-06T07:56:54,2023-10-06T19:20:01,"Rain, Partially cloudy",Partly cloudy throughout the day with morning rain.,rain,"07149099999,07156099999,07146099999,07145099999,07157099999,C1292,07147099999,07150099999"
2023-10-07,,2023-10-07T07:58:23,2023-10-07T19:17:57,Clear,Clear conditions throughout the day.,clear-day,"07149099999,07156099999,07146099999,07157099999,C1292,07147099999,07150099999"
2023-10-08,rain,2023-10-08T07:59:52,2023-10-08T19:15:54,"Rain, Partially cloudy",Partly cloudy throughout the day with morning rain.,rain,"07149099999,07156099999,07146099999,07157099999,C1292,07147099999,07150099999"
2023-10-09,,2023-10-09T08:01:21,2023-10-09T19:13:51,Partially cloudy,Partly cloudy throughout the day.,partly-cloudy-day,"07149099999,07156099999,07146099999,07157099999,C1292,07147099999,07150099999"
2023-10-10,,2023-10-10T08:02:51,2023-10-10T19:11:49,Partially cloudy,Partly cloudy throughout the day.,partly-cloudy-day,"07149099999,07156099999,07146099999,07157099999,C1292,07147099999,07150099999"
2023-10-11,rain,2023-10-11T08:04:21,2023-10-11T19:09:48,"Rain, Partially cloudy",Partly cloudy throughout the day with late afternoon rain.,rain,"07149099999,07156099999,07146099999,07157099999,C1292,07147099999,07150099999"
2023-10-12,rain,2023-10-12T08:05:51,2023-10-12T19:07:47,"Rain, Overcast",Cloudy skies throughout the day with morning rain.,rain,"07149099999,07156099999,07146099999,LFPV,07145099999,07153099999,07157099999,C1292,07147099999,07150099999"
2023-10-13,rain,2023-10-13T08:07:21,2023-10-13T19:05:47,"Rain, Overcast",Cloudy skies throughout the day with rain.,rain,"07149099999,07156099999,07146099999,07157099999,C1292,07147099999,07150099999"
2023-10-14,rain,2023-10-14T08:08:52,2023-10-14T19:03:48,"Rain, Partially cloudy",Partly cloudy throughout the day with rain.,rain,"07149099999,07156099999,07146099999,07145099999,07157099999,C1292,07147099999,07150099999"
2023-10-15,rain,2023-10-15T08:10:23,2023-10-15T19:01:49,"Rain, Partially cloudy",Partly cloudy throughout the day with morning rain.,rain,"07149099999,07156099999,07146099999,07157099999,C1292,07147099999,07150099999"
2023-10-16,,2023-10-16T08:11:55,2023-10-16T18:59:51,Partially cloudy,Partly cloudy throughout the day.,partly-cloudy-day,"07149099999,07156099999,07146099999,07145099999,07157099999,C1292,07147099999,07150099999"
2023-10-17,,2023-10-17T08:13:27,2023-10-17T18:57:54,Partially cloudy,Partly cloudy throughout the day.,partly-cloudy-day,"07149099999,07156099999,07146099999,LFPV,07145099999,07153099999,07157099999,C1292,07147099999,LFPO,07150099999,LFPB"
2023-10-18,rain,2023-10-18T08:14:59,2023-10-18T18:55:58,"Rain, Overcast",Cloudy skies throughout the day with rain.,rain,"07149099999,07156099999,07146099999,07157099999,C1292,07147099999,07150099999"
2023-10-19,rain,2023-10-19T08:16:31,2023-10-19T18:54:03,"Rain, Overcast",Cloudy skies throughout the day with rain.,rain,"07149099999,07156099999,07146099999,07157099999,C1292,07147099999,07150099999"
2023-10-20,rain,2023-10-20T08:18:04,2023-10-20T18:52:09,"Rain, Overcast",Cloudy skies throughout the day with a chance of rain throughout the day.,rain,"07149099999,07156099999,07146099999,07157099999,C1292,07147099999,07150099999"
2023-10-21,rain,2023-10-21T08:19:37,2023-10-21T18:50:16,"Rain, Overcast",Cloudy skies throughout the day with rain.,rain,"07149099999,07156099999,07146099999,07157099999,C1292,07147099999,07150099999"
2023-10-22,rain,2023-10-22T08:21:10,2023-10-22T18:48:24,"Rain, Partially cloudy",Partly cloudy throughout the day with a chance of rain throughout the day.,rain,"07149099999,07156099999,07146099999,07157099999,C1292,07147099999,07150099999"
2023-10-23,rain,2023-10-23T08:22:44,2023-10-23T18:46:33,"Rain, Partially cloudy",Partly cloudy throughout the day with rain.,rain,"07149099999,07156099999,07146099999,07157099999,C1292,07147099999,07150099999"
2023-10-24,rain,2023-10-24T08:24:17,2023-10-24T18:44:43,"Rain, Partially cloudy",Partly cloudy throughout the day with rain clearing later.,rain,"07149099999,07156099999,07146099999,07157099999,C1292,07147099999,07150099999"
2023-10-25,rain,2023-10-25T08:25:51,2023-10-25T18:42:54,"Rain, Overcast",Cloudy skies throughout the day with a chance of rain throughout the day.,rain,"07149099999,07156099999,07146099999,07157099999,C1292,07147099999,07150099999"
2023-10-26,rain,2023-10-26T08:27:26,2023-10-26T18:41:07,"Rain, Overcast",Cloudy skies throughout the day with a chance of rain throughout the day.,rain,"07149099999,07156099999,07146099999,07157099999,C1292,07147099999,07150099999"
2023-10-27,rain,2023-10-27T08:29:00,2023-10-27T18:39:21,"Rain, Overcast",Cloudy skies throughout the day with rain.,rain,"07149099999,07156099999,07146099999,07157099999,C1292,07147099999,07150099999"
2023-10-28,rain,2023-10-28T08:30:35,2023-10-28T18:37:36,"Rain, Overcast",Cloudy skies throughout the day with a chance of rain throughout the day.,rain,"07149099999,07156099999,07146099999,07157099999,C1292,07147099999,07150099999"
2023-10-29,rain,2023-10-29T07:32:10,2023-10-29T17:35:52,"Rain, Partially cloudy",Partly cloudy throughout the day with rain.,rain,"07149099999,07156099999,07146099999,07157099999,C1292,07147099999,07150099999"
2023-10-30,rain,2023-10-30T07:33:45,2023-10-30T17:34:10,"Rain, Overcast",Cloudy skies throughout the day with rain.,rain,"07149099999,07156099999,07146099999,07157099999,C1292,07147099999,07150099999"
2023-10-31,rain,2023-10-31T07:35:21,2023-10-31T17:32:30,"Rain, Overcast",Cloudy skies throughout the day with rain.,rain,"07149099999,07156099999,07146099999,07157099999,C1292,07147099999,07150099999"
2023-11-01,rain,2023-11-01T07:36:56,2023-11-01T17:30:50,"Rain, Partially cloudy",Partly cloudy throughout the day with rain in the morning and afternoon.,rain,"07149099999,07156099999,07146099999,07157099999,C1292,07147099999,07150099999"
2023-11-02,rain,2023-11-02T07:38:32,2023-11-02T17:29:13,"Rain, Overcast",Cloudy skies throughout the day with a chance of rain throughout the day.,rain,"07149099999,07156099999,07146099999,07157099999,C1292,07147099999,07150099999"
2023-11-03,rain,2023-11-03T07:40:07,2023-11-03T17:27:36,"Rain, Partially cloudy",Partly cloudy throughout the day with rain.,rain,"07149099999,07156099999,07146099999,07157099999,C1292,07147099999,07150099999"
2023-11-04,rain,2023-11-04T07:41:43,2023-11-04T17:26:02,"Rain, Overcast",Cloudy skies throughout the day with rain.,rain,"07149099999,07156099999,07146099999,07157099999,C1292,07147099999,07150099999"
2023-11-05,rain,2023-11-05T07:43:19,2023-11-05T17:24:29,"Rain, Partially cloudy",Partly cloudy throughout the day with a chance of rain throughout the day.,rain,"07149099999,07156099999,07146099999,07157099999,C1292,07147099999,07150099999"
2023-11-06,rain,2023-11-06T07:44:54,2023-11-06T17:22:58,"Rain, Partially cloudy",Partly cloudy throughout the day with rain.,rain,"07149099999,07156099999,07146099999,LFPV,07157099999,C1292,07147099999,LFPO,07150099999,LFPB"
2023-11-07,rain,2023-11-07T07:46:30,2023-11-07T17:21:29,"Rain, Partially cloudy",Partly cloudy throughout the day with early morning rain.,rain,"07149099999,07156099999,07146099999,07157099999,C1292,07147099999,07150099999"
2023-11-08,rain,2023-11-08T07:48:05,2023-11-08T17:20:01,"Rain, Overcast",Cloudy skies throughout the day with rain.,rain,"07149099999,07156099999,07146099999,07157099999,C1292,07147099999,07150099999"
2023-11-09,rain,2023-11-09T07:49:41,2023-11-09T17:18:35,"Rain, Overcast",Cloudy skies throughout the day with a chance of rain throughout the day.,rain,"07149099999,07156099999,07146099999,07157099999,C1292,07147099999,07150099999"
2023-11-10,rain,2023-11-10T07:51:16,2023-11-10T17:17:11,"Rain, Partially cloudy",Partly cloudy throughout the day with rain.,rain,"07149099999,07156099999,07146099999,LFPV,07157099999,C1292,07147099999,LFPO,07150099999,LFPB"
2023-11-11,rain,2023-11-11T07:52:51,2023-11-11T17:15:50,"Rain, Partially cloudy",Partly cloudy throughout the day with rain.,rain,"07149099999,07156099999,07146099999,07157099999,C1292,07147099999,07150099999"
2023-11-12,rain,2023-11-12T07:54:26,2023-11-12T17:14:30,"Rain, Overcast",Cloudy skies throughout the day with a chance of rain throughout the day.,rain,"07149099999,07156099999,07146099999,07157099999,C1292,07147099999,07150099999"
2023-11-13,rain,2023-11-13T07:56:00,2023-11-13T17:13:12,"Rain, Overcast",Cloudy skies throughout the day with a chance of rain throughout the day.,rain,"07149099999,07156099999,07146099999,07157099999,C1292,07147099999,07150099999"
2023-11-14,rain,2023-11-14T07:57:34,2023-11-14T17:11:56,"Rain, Partially cloudy",Partly cloudy throughout the day with rain.,rain,"07149099999,07156099999,07146099999,LFPV,07157099999,C1292,07147099999,LFPO,07150099999,LFPB"
2023-11-15,rain,2023-11-15T07:59:08,2023-11-15T17:10:42,Partially cloudy,Partly cloudy throughout the day.,partly-cloudy-day,"07149099999,07156099999,07146099999,07157099999,C1292,07147099999,07150099999"
2023-11-16,rain,2023-11-16T08:00:41,2023-11-16T17:09:31,"Rain, Overcast",Cloudy skies throughout the day with rain.,rain,"07149099999,07156099999,07146099999,07157099999,C1292,07147099999,07150099999,D3623"
2023-11-17,rain,2023-11-17T08:02:14,2023-11-17T17:08:22,"Rain, Partially cloudy",Partly cloudy throughout the day with a chance of rain throughout the day.,rain,"07149099999,07156099999,07146099999,07157099999,07147099999,C1292,07150099999,D3623"
2023-11-18,rain,2023-11-18T08:03:46,2023-11-18T17:07:15,"Rain, Overcast",Cloudy skies throughout the day with a chance of rain throughout the day.,rain,"07149099999,07156099999,07146099999,07145099999,07153099999,07157099999,C1292,07147099999,07150099999"
2023-11-19,rain,2023-11-19T08:05:18,2023-11-19T17:06:10,Partially cloudy,Partly cloudy throughout the day.,partly-cloudy-day,"07149099999,07156099999,07146099999,07157099999,C1292,07147099999,07150099999"
2023-11-20,rain,2023-11-20T08:06:48,2023-11-20T17:05:08,"Rain, Overcast",Cloudy skies throughout the day with rain.,rain,"07149099999,07156099999,07146099999,07157099999,C1292,07147099999,07150099999"
2023-11-21,rain,2023-11-21T08:08:18,2023-11-21T17:04:08,"Rain, Overcast",Cloudy skies throughout the day with a chance of rain throughout the day.,rain,"07149099999,07156099999,07146099999,07157099999,C1292,07147099999,07150099999"
2023-11-22,,2023-11-22T08:09:47,2023-11-22T17:03:11,Partially cloudy,Partly cloudy throughout the day.,partly-cloudy-day,"07149099999,07156099999,07146099999,07157099999,C1292,07147099999,07150099999"
2023-11-23,rain,2023-11-23T08:11:16,2023-11-23T17:02:16,"Rain, Overcast",Cloudy skies throughout the day with rain in the morning and afternoon.,rain,"07149099999,07156099999,07146099999,07157099999,C1292,07147099999,07150099999"
2023-11-24,rain,2023-11-24T08:12:43,2023-11-24T17:01:24,"Rain, Partially cloudy",Partly cloudy throughout the day with rain.,rain,"07149099999,07156099999,07146099999,07157099999,C1292,07147099999,07150099999"
2023-11-25,,2023-11-25T08:14:09,2023-11-25T17:00:34,Partially cloudy,Partly cloudy throughout the day.,partly-cloudy-day,"07149099999,07156099999,07146099999,07157099999,C1292,07147099999,07150099999"
2023-11-26,rain,2023-11-26T08:15:34,2023-11-26T16:59:47,"Rain, Partially cloudy",Partly cloudy throughout the day with rain in the morning and afternoon.,rain,"07149099999,07156099999,07146099999,07157099999,C1292,07147099999,07150099999"
2023-11-27,rain,2023-11-27T08:16:58,2023-11-27T16:59:03,"Rain, Overcast",Cloudy skies throughout the day with a chance of rain throughout the day.,rain,"07149099999,07156099999,07146099999,07157099999,C1292,07147099999,07150099999"
2023-11-28,rain,2023-11-28T08:18:20,2023-11-28T16:58:21,"Rain, Partially cloudy",Partly cloudy throughout the day with rain.,rain,"07149099999,07156099999,07146099999,07157099999,C1292,07147099999,07150099999"
2023-11-29,,2023-11-29T08:19:41,2023-11-29T16:57:43,Partially cloudy,Partly cloudy throughout the day.,partly-cloudy-day,"07149099999,07156099999,07146099999,07157099999,C1292,07147099999,07150099999"
2023-11-30,rain,2023-11-30T08:21:01,2023-11-30T16:57:07,"Rain, Partially cloudy",Partly cloudy throughout the day with late afternoon rain.,rain,"07149099999,07156099999,07146099999,07157099999,C1292,07147099999,07150099999"
2023-12-01,rain,2023-12-01T08:22:20,2023-12-01T16:56:33,Overcast,Cloudy skies throughout the day.,cloudy,"07149099999,07156099999,07146099999,07157099999,C1292,07147099999,07150099999"
2023-12-02,,2023-12-02T08:23:36,2023-12-02T16:56:03,Partially cloudy,Partly cloudy throughout the day.,partly-cloudy-day,"07149099999,07156099999,07146099999,07157099999,C1292,07147099999,07150099999"
2023-12-03,,2023-12-03T08:24:51,2023-12-03T16:55:36,Partially cloudy,Partly cloudy throughout the day.,partly-cloudy-day,"07149099999,07156099999,07146099999,07157099999,C1292,07147099999,07150099999"
2023-12-04,rain,2023-12-04T08:26:05,2023-12-04T16:55:11,"Rain, Overcast",Cloudy skies throughout the day with a chance of rain or snow throughout the day.,snow,"07149099999,07156099999,07146099999,07157099999,C1292,07147099999,07150099999"
2023-12-05,rain,2023-12-05T08:27:16,2023-12-05T16:54:50,"Rain, Overcast",Cloudy skies throughout the day with a chance of rain throughout the day.,rain,"07149099999,07156099999,07146099999,07157099999,C1292,07147099999,07150099999"
2023-12-06,rain,2023-12-06T08:28:26,2023-12-06T16:54:31,"Rain, Partially cloudy",Partly cloudy throughout the day with early morning rain.,rain,"07149099999,07156099999,07146099999,07157099999,C1292,07147099999,07150099999"
2023-12-07,rain,2023-12-07T08:29:33,2023-12-07T16:54:15,"Rain, Overcast",Cloudy skies throughout the day with late afternoon rain.,rain,"07149099999,07156099999,07146099999,07157099999,C1292,07147099999,07150099999"
2023-12-08,rain,2023-12-08T08:30:39,2023-12-08T16:54:03,"Rain, Partially cloudy",Partly cloudy throughout the day with early morning rain.,rain,"07149099999,07156099999,07146099999,07157099999,C1292,07147099999,07150099999"
2023-12-09,rain,2023-12-09T08:31:43,2023-12-09T16:53:53,"Rain, Overcast",Cloudy skies throughout the day with a chance of rain throughout the day.,rain,"07149099999,07156099999,07146099999,07157099999,C1292,07147099999,07150099999"
2023-12-10,rain,2023-12-10T08:32:44,2023-12-10T16:53:47,"Rain, Overcast",Cloudy skies throughout the day with rain.,rain,"07149099999,07156099999,07146099999,07157099999,C1292,07147099999,07150099999"
2023-12-11,rain,2023-12-11T08:33:43,2023-12-11T16:53:43,"Rain, Partially cloudy",Partly cloudy throughout the day with early morning rain.,rain,"07149099999,07156099999,07146099999,07157099999,C1292,07147099999,07150099999"
2023-12-12,rain,2023-12-12T08:34:40,2023-12-12T16:53:43,"Rain, Overcast",Cloudy skies throughout the day with a chance of rain throughout the day.,rain,"07149099999,07156099999,07146099999,07157099999,C1292,07147099999,07150099999"
2023-12-13,rain,2023-12-13T08:35:34,2023-12-13T16:53:46,"Rain, Overcast",Cloudy skies throughout the day with rain.,rain,"07149099999,07156099999,07146099999,07157099999,C1292,07147099999,07150099999"
2023-12-14,rain,2023-12-14T08:36:26,2023-12-14T16:53:51,"Rain, Overcast",Cloudy skies throughout the day with rain.,rain,"07149099999,07156099999,07146099999,07157099999,C1292,07147099999,07150099999"
2023-12-15,rain,2023-12-15T08:37:16,2023-12-15T16:54:00,"Rain, Overcast",Cloudy skies throughout the day with early morning rain.,rain,"07149099999,07156099999,07146099999,07145099999,07157099999,C1292,07147099999,07150099999"
2023-12-16,,2023-12-16T08:38:03,2023-12-16T16:54:12,Partially cloudy,Clearing in the afternoon.,partly-cloudy-day,"07149099999,07156099999,07146099999,LFPV,07157099999,C1292,07147099999,LFPO,07150099999,LFPB"
2023-12-17,rain,2023-12-17T08:38:47,2023-12-17T16:54:27,"Rain, Partially cloudy",Partly cloudy throughout the day with afternoon rain.,rain,"07149099999,07156099999,07146099999,07157099999,C1292,07147099999,07150099999"
2023-12-18,,2023-12-18T08:39:29,2023-12-18T16:54:45,Overcast,Cloudy skies throughout the day.,cloudy,"07149099999,07156099999,07146099999,07157099999,C1292,07147099999,07150099999"
2023-12-19,rain,2023-12-19T08:40:08,2023-12-19T16:55:06,"Rain, Overcast",Cloudy skies throughout the day with late afternoon rain.,rain,"07149099999,07156099999,07146099999,LFPV,07157099999,C1292,07147099999,07150099999,LFPB"
2023-12-20,rain,2023-12-20T08:40:44,2023-12-20T16:55:29,"Rain, Partially cloudy",Partly cloudy throughout the day with rain.,rain,"07149099999,07156099999,07146099999,07157099999,C1292,07147099999,07150099999"
2023-12-21,rain,2023-12-21T08:41:18,2023-12-21T16:55:56,"Rain, Overcast",Cloudy skies throughout the day with a chance of rain throughout the day.,rain,"07149099999,07156099999,07146099999,07157099999,C1292,07147099999,07150099999"
2023-12-22,rain,2023-12-22T08:41:49,2023-12-22T16:56:26,"Rain, Overcast",Cloudy skies throughout the day with a chance of rain throughout the day.,rain,"07149099999,07156099999,07146099999,07157099999,C1292,07147099999,07150099999"
2023-12-23,rain,2023-12-23T08:42:16,2023-12-23T16:56:59,Overcast,Cloudy skies throughout the day.,cloudy,"07149099999,07156099999,07146099999,07157099999,C1292,07147099999,07150099999,D3623"
2023-12-24,rain,2023-12-24T08:42:41,2023-12-24T16:57:34,"Rain, Overcast",Cloudy skies throughout the day with morning rain.,rain,"07149099999,07156099999,07146099999,07157099999,C1292,07147099999,07150099999"
2023-12-25,rain,2023-12-25T08:43:03,2023-12-25T16:58:13,"Rain, Overcast",Cloudy skies throughout the day with rain.,rain,"07149099999,07156099999,07146099999,07157099999,C1292,07147099999,07150099999"
2023-12-26,rain,2023-12-26T08:43:22,2023-12-26T16:58:54,"Rain, Overcast",Cloudy skies throughout the day with rain.,rain,"07149099999,07156099999,07146099999,07157099999,C1292,07147099999,07150099999"
2023-12-27,rain,2023-12-27T08:43:39,2023-12-27T16:59:38,"Rain, Overcast",Cloudy skies throughout the day with late afternoon rain.,rain,"07149099999,07156099999,07146099999,07157099999,C1292,07147099999,07150099999"
2023-12-28,,2023-12-28T08:43:52,2023-12-28T17:00:25,Overcast,Cloudy skies throughout the day.,cloudy,"07149099999,07156099999,07146099999,07157099999,C1292,07147099999,07150099999"
2023-12-29,rain,2023-12-29T08:44:02,2023-12-29T17:01:14,"Rain, Overcast",Cloudy skies throughout the day with late afternoon rain.,rain,"07149099999,07156099999,07146099999,07157099999,C1292,07147099999,07150099999"
2023-12-30,rain,2023-12-30T08:44:09,2023-12-30T17:02:06,"Rain, Partially cloudy",Partly cloudy throughout the day with rain clearing later.,rain,"07149099999,07156099999,07146099999,07157099999,C1292,07147099999,07150099999"
2023-12-31,rain,2023-12-31T08:44:13,2023-12-31T17:03:00,"Rain, Partially cloudy",Partly cloudy throughout the day with rain clearing later.,rain,"07149099999,07156099999,07146099999,07157099999,C1292,07147099999,07150099999"
2024-01-01,rain,2024-01-01T08:44:14,2024-01-01T17:03:57,"Rain, Partially cloudy",Partly cloudy throughout the day with rain.,rain,"07149099999,07156099999,07146099999,07157099999,C1292,07147099999,07150099999"
2024-01-02,rain,2024-01-02T08:44:12,2024-01-02T17:04:56,"Rain, Overcast",Cloudy skies throughout the day with a chance of rain throughout the day.,rain,"07149099999,07156099999,07146099999,07157099999,C1292,07147099999,07150099999"
2024-01-03,rain,2024-01-03T08:44:07,2024-01-03T17:05:58,"Rain, Overcast",Cloudy skies throughout the day with a chance of rain throughout the day.,rain,"07149099999,07156099999,07146099999,07157099999,C1292,07147099999,07150099999"
2024-01-04,rain,2024-01-04T08:43:59,2024-01-04T17:07:02,"Rain, Partially cloudy",Partly cloudy throughout the day with rain.,rain,"07149099999,07156099999,07146099999,07157099999,C1292,07147099999,07150099999"
2024-01-05,rain,2024-01-05T08:43:48,2024-01-05T17:08:08,"Rain, Partially cloudy",Partly cloudy throughout the day with rain.,rain,"07149099999,07156099999,07146099999,07157099999,C1292,07147099999,07150099999"
2024-01-06,rain,2024-01-06T08:43:34,2024-01-06T17:09:16,"Rain, Overcast",Cloudy skies throughout the day with late afternoon rain.,rain,"07149099999,07156099999,07146099999,07157099999,C1292,07147099999,07150099999"
2024-01-07,rain,2024-01-07T08:43:17,2024-01-07T17:10:27,"Rain, Overcast",Cloudy skies throughout the day with late afternoon rain.,rain,"07149099999,07156099999,07146099999,07157099999,C1292,07147099999,07150099999"
2024-01-08,"rain,snow",2024-01-08T08:42:57,2024-01-08T17:11:39,"Snow, Rain, Overcast",Cloudy skies throughout the day with rain or snow.,snow,"07149099999,07156099999,07146099999,07157099999,C1292,07147099999,07150099999"
2024-01-09,"rain,snow",2024-01-09T08:42:34,2024-01-09T17:12:53,"Snow, Rain, Overcast",Cloudy skies throughout the day with early morning snow or rain.,snow,"07149099999,07156099999,07146099999,07157099999,C1292,07147099999,07150099999"
2024-01-10,"rain,snow",2024-01-10T08:42:09,2024-01-10T17:14:09,"Snow, Rain, Partially cloudy",Partly cloudy throughout the day with afternoon rain or snow.,rain,"07149099999,07156099999,07146099999,07157099999,C1292,07147099999,07150099999"
2024-01-11,,2024-01-11T08:41:40,2024-01-11T17:15:27,Clear,Clear conditions throughout the day.,clear-day,"07149099999,07156099999,07146099999,07157099999,C1292,07147099999,07150099999,D3623"
2024-01-12,,2024-01-12T08:41:09,2024-01-12T17:16:47,Overcast,Cloudy skies throughout the day.,cloudy,"07149099999,07156099999,07146099999,07157099999,C1292,07147099999,07150099999,D3623"
2024-01-13,,2024-01-13T08:40:34,2024-01-13T17:18:08,Overcast,Cloudy skies throughout the day.,cloudy,"07149099999,07156099999,07146099999,LFPV,07157099999,C1292,07147099999,07150099999,D3623"
2024-01-14,"rain,snow",2024-01-14T08:39:57,2024-01-14T17:19:31,Overcast,Cloudy skies throughout the day.,cloudy,"07149099999,07156099999,07146099999,07157099999,C1292,07147099999,07150099999"
2024-01-15,"rain,snow",2024-01-15T08:39:17,2024-01-15T17:20:55,Partially cloudy,Partly cloudy throughout the day.,partly-cloudy-day,"07149099999,07156099999,07146099999,07157099999,C1292,07147099999,07150099999,D3623"
2024-01-16,,2024-01-16T08:38:35,2024-01-16T17:22:20,Partially cloudy,Partly cloudy throughout the day.,partly-cloudy-day,"07149099999,07156099999,07146099999,07157099999,C1292,07147099999,07150099999"
2024-01-17,"rain,snow",2024-01-17T08:37:50,2024-01-17T17:23:47,"Snow, Rain, Overcast",Cloudy skies throughout the day with a chance of rain or snow throughout the day.,snow,"07149099999,07156099999,07146099999,07157099999,C1292,07147099999,07150099999,D3623"
2024-01-18,"rain,freezingrain,snow",2024-01-18T08:37:02,2024-01-18T17:25:15,"Snow, Rain, Freezing Drizzle/Freezing Rain, Partially cloudy",Partly cloudy throughout the day with rain or snow clearing later.,snow,"07149099999,07156099999,07146099999,07157099999,C1292,07147099999,07150099999,D3623"
2024-01-19,,2024-01-19T08:36:11,2024-01-19T17:26:44,Partially cloudy,Partly cloudy throughout the day.,partly-cloudy-day,"07149099999,07156099999,07146099999,07157099999,C1292,07147099999,07150099999,D3623"
2024-01-20,,2024-01-20T08:35:18,2024-01-20T17:28:15,Partially cloudy,Partly cloudy throughout the day.,partly-cloudy-day,"07149099999,07156099999,07146099999,07157099999,C1292,07147099999,07150099999,D3623"
2024-01-21,rain,2024-01-21T08:34:23,2024-01-21T17:29:46,"Rain, Overcast",Cloudy skies throughout the day with afternoon rain.,rain,"07149099999,07156099999,07146099999,07157099999,C1292,07147099999,07150099999"
2024-01-22,rain,2024-01-22T08:33:25,2024-01-22T17:31:19,"Rain, Partially cloudy",Partly cloudy throughout the day with a chance of rain throughout the day.,rain,"07149099999,07156099999,07146099999,07157099999,C1292,07147099999,07150099999,D3623"
2024-01-23,rain,2024-01-23T08:32:24,2024-01-23T17:32:52,"Rain, Overcast",Cloudy skies throughout the day with rain.,rain,"07149099999,07156099999,07146099999,07157099999,C1292,07147099999,07150099999,D3623"
2024-01-24,rain,2024-01-24T08:31:21,2024-01-24T17:34:26,"Rain, Overcast",Cloudy skies throughout the day with rain.,rain,"07149099999,07156099999,07146099999,07157099999,C1292,07147099999,07150099999"
2024-01-25,rain,2024-01-25T08:30:16,2024-01-25T17:36:01,"Rain, Overcast",Cloudy skies throughout the day with rain.,rain,"07149099999,07156099999,07146099999,07157099999,C1292,07147099999,07150099999"
2024-01-26,rain,2024-01-26T08:29:09,2024-01-26T17:37:36,"Rain, Partially cloudy",Partly cloudy throughout the day with rain in the morning and afternoon.,rain,"07149099999,07156099999,07146099999,07157099999,C1292,07147099999,07150099999"
2024-01-27,rain,2024-01-27T08:27:59,2024-01-27T17:39:12,"Rain, Partially cloudy",Partly cloudy throughout the day with morning rain.,rain,"07149099999,07156099999,07146099999,07157099999,C1292,07147099999,07150099999"
2024-01-28,,2024-01-28T08:26:47,2024-01-28T17:40:49,Partially cloudy,Partly cloudy throughout the day.,partly-cloudy-day,"07149099999,07156099999,07146099999,07157099999,C1292,07147099999,07150099999"
2024-01-29,,2024-01-29T08:25:33,2024-01-29T17:42:26,Partially cloudy,Partly cloudy throughout the day.,partly-cloudy-day,"07149099999,07156099999,07146099999,07157099999,C1292,07147099999,07150099999"
2024-01-30,,2024-01-30T08:24:17,2024-01-30T17:44:04,Overcast,Cloudy skies throughout the day.,cloudy,"07149099999,07156099999,07146099999,07157099999,C1292,07147099999,07150099999"
2024-01-31,,2024-01-31T08:22:59,2024-01-31T17:45:42,Partially cloudy,Partly cloudy throughout the day.,partly-cloudy-day,"07149099999,07156099999,07146099999,07157099999,C1292,07147099999,07150099999"
2024-02-01,rain,2024-02-01T08:21:39,2024-02-01T17:47:20,"Rain, Overcast",Cloudy skies throughout the day with rain clearing later.,rain,"07149099999,07156099999,07146099999,07157099999,C1292,07147099999,07150099999"
2024-02-02,rain,2024-02-02T08:20:17,2024-02-02T17:48:59,"Rain, Partially cloudy",Partly cloudy throughout the day with early morning rain.,rain,"07149099999,07156099999,07146099999,07145099999,07153099999,07157099999,C1292,07147099999,07150099999"
2024-02-03,rain,2024-02-03T08:18:53,2024-02-03T17:50:38,"Rain, Overcast",Cloudy skies throughout the day with rain.,rain,"07149099999,07156099999,07146099999,07157099999,C1292,07147099999,07150099999"
2024-02-04,rain,2024-02-04T08:17:27,2024-02-04T17:52:17,"Rain, Overcast",Cloudy skies throughout the day with morning rain.,rain,"07149099999,07156099999,07146099999,07157099999,C1292,07147099999,07150099999"
2024-02-05,,2024-02-05T08:15:59,2024-02-05T17:53:56,Overcast,Cloudy skies throughout the day.,cloudy,"07149099999,07156099999,07146099999,07157099999,C1292,07147099999,07150099999"
2024-02-06,rain,2024-02-06T08:14:30,2024-02-06T17:55:35,Overcast,Cloudy skies throughout the day.,cloudy,"07149099999,07156099999,07146099999,07145099999,07157099999,C1292,07147099999,07150099999"
2024-02-07,rain,2024-02-07T08:12:58,2024-02-07T17:57:15,"Rain, Overcast",Cloudy skies throughout the day with a chance of rain throughout the day.,rain,"07149099999,07156099999,07146099999,07145099999,07157099999,C1292,07147099999,07150099999"
2024-02-08,rain,2024-02-08T08:11:26,2024-02-08T17:58:54,"Rain, Overcast",Cloudy skies throughout the day with a chance of rain throughout the day.,rain,"07149099999,07156099999,07146099999,07145099999,07157099999,C1292,07147099999,07150099999,D3623"
2024-02-09,rain,2024-02-09T08:09:51,2024-02-09T18:00:34,"Rain, Overcast",Cloudy skies throughout the day with early morning rain.,rain,"07149099999,07156099999,07146099999,07157099999,C1292,07147099999,07150099999"
2024-02-10,rain,2024-02-10T08:08:15,2024-02-10T18:02:13,"Rain, Overcast",Cloudy skies throughout the day with rain.,rain,"07149099999,07156099999,07146099999,07157099999,C1292,07147099999,07150099999"
2024-02-11,rain,2024-02-11T08:06:37,2024-02-11T18:03:53,"Rain, Overcast",Cloudy skies throughout the day with rain.,rain,"07149099999,07156099999,07146099999,07157099999,C1292,07147099999,07150099999"
2024-02-12,rain,2024-02-12T08:04:58,2024-02-12T18:05:32,"Rain, Partially cloudy",Partly cloudy throughout the day with rain.,rain,"07149099999,07156099999,07146099999,07157099999,C1292,07147099999,07150099999"
2024-02-13,rain,2024-02-13T08:03:18,2024-02-13T18:07:12,"Rain, Partially cloudy",Partly cloudy throughout the day with rain.,rain,"07149099999,07156099999,07146099999,07157099999,C1292,07147099999,07150099999"
2024-02-14,rain,2024-02-14T08:01:36,2024-02-14T18:08:51,"Rain, Overcast",Cloudy skies throughout the day with a chance of rain throughout the day.,rain,"07149099999,07156099999,07146099999,07157099999,C1292,07147099999,07150099999"
2024-02-15,rain,2024-02-15T07:59:53,2024-02-15T18:10:30,Overcast,Cloudy skies throughout the day.,cloudy,"07149099999,07156099999,07146099999,LFPV,07153099999,07157099999,C1292,07147099999,07150099999"
2024-02-16,rain,2024-02-16T07:58:08,2024-02-16T18:12:09,"Rain, Overcast",Cloudy skies throughout the day with afternoon rain.,rain,"07149099999,07156099999,07146099999,07145099999,07157099999,C1292,07147099999,07150099999"
2024-02-17,,2024-02-17T07:56:22,2024-02-17T18:13:47,Partially cloudy,Partly cloudy throughout the day.,partly-cloudy-day,"07149099999,07156099999,07146099999,07157099999,C1292,07147099999,07150099999"
2024-02-18,rain,2024-02-18T07:54:35,2024-02-18T18:15:26,"Rain, Overcast",Cloudy skies throughout the day with rain.,rain,"07149099999,07156099999,07146099999,07157099999,C1292,07147099999,07150099999"
2024-02-19,rain,2024-02-19T07:52:47,2024-02-19T18:17:04,"Rain, Overcast",Cloudy skies throughout the day with late afternoon rain.,rain,"07149099999,07156099999,07146099999,07157099999,C1292,07147099999,07150099999"
2024-02-20,,2024-02-20T07:50:57,2024-02-20T18:18:42,Overcast,Cloudy skies throughout the day.,cloudy,"07149099999,07156099999,07146099999,07157099999,C1292,07147099999,07150099999"
2024-02-21,rain,2024-02-21T07:49:07,2024-02-21T18:20:20,"Rain, Overcast",Cloudy skies throughout the day with rain.,rain,"07149099999,07156099999,07146099999,07157099999,C1292,07147099999,07150099999"
2024-02-22,rain,2024-02-22T07:47:15,2024-02-22T18:21:57,"Rain, Overcast",Cloudy skies throughout the day with a chance of rain throughout the day.,rain,"07149099999,07156099999,07146099999,07157099999,C1292,07147099999,07150099999"
2024-02-23,rain,2024-02-23T07:45:23,2024-02-23T18:23:34,"Rain, Partially cloudy",Partly cloudy throughout the day with rain.,rain,"07149099999,07156099999,07146099999,07145099999,07157099999,C1292,07147099999,07150099999"
2024-02-24,rain,2024-02-24T07:43:29,2024-02-24T18:25:11,"Rain, Overcast",Cloudy skies throughout the day with late afternoon rain.,rain,"07149099999,07156099999,07146099999,07157099999,C1292,07147099999,07150099999"
2024-02-25,rain,2024-02-25T07:41:35,2024-02-25T18:26:48,"Rain, Overcast",Cloudy skies throughout the day with rain.,rain,"07149099999,07156099999,07146099999,07157099999,C1292,07147099999,07150099999"
2024-02-26,rain,2024-02-26T07:39:40,2024-02-26T18:28:25,"Rain, Overcast",Cloudy skies throughout the day with a chance of rain throughout the day.,rain,"07149099999,07156099999,07146099999,07157099999,C1292,07147099999,07150099999"
2024-02-27,rain,2024-02-27T07:37:43,2024-02-27T18:30:01,"Rain, Overcast",Cloudy skies throughout the day with rain clearing later.,rain,"07149099999,07156099999,07146099999,07145099999,07157099999,C1292,07147099999,07150099999,D3623"
2024-02-28,,2024-02-28T07:35:46,2024-02-28T18:31:37,Partially cloudy,Partly cloudy throughout the day.,partly-cloudy-day,"07149099999,07156099999,07146099999,LFPV,07157099999,C1292,07147099999,LFPO,07150099999,LFPB"
2024-02-29,rain,2024-02-29T07:33:48,2024-02-29T18:33:12,"Rain, Overcast",Cloudy skies throughout the day with rain.,rain,"07149099999,07156099999,07146099999,07157099999,C1292,07147099999,07150099999"
2024-03-01,rain,2024-03-01T07:31:50,2024-03-01T18:34:47,"Rain, Partially cloudy",Partly cloudy throughout the day with rain.,rain,"07149099999,07156099999,07146099999,LFPV,07157099999,C1292,07147099999,LFPO,07150099999,LFPB"
2024-03-02,rain,2024-03-02T07:29:51,2024-03-02T18:36:22,"Rain, Overcast",Cloudy skies throughout the day with rain.,rain,"07149099999,07156099999,07146099999,07157099999,C1292,07147099999,07150099999"
2024-03-03,rain,2024-03-03T07:27:51,2024-03-03T18:37:57,"Rain, Overcast",Cloudy skies throughout the day with rain clearing later.,rain,"07149099999,07156099999,07146099999,07157099999,C1292,07147099999,07150099999"
2024-03-04,rain,2024-03-04T07:25:50,2024-03-04T18:39:32,Partially cloudy,Partly cloudy throughout the day.,partly-cloudy-day,"07149099999,07156099999,07146099999,07145099999,07157099999,C1292,07147099999,07150099999"
2024-03-05,rain,2024-03-05T07:23:49,2024-03-05T18:41:06,"Rain, Overcast",Cloudy skies throughout the day with a chance of rain throughout the day.,rain,"07149099999,07156099999,07146099999,07157099999,C1292,07147099999,07150099999"
2024-03-06,rain,2024-03-06T07:21:47,2024-03-06T18:42:40,"Rain, Partially cloudy",Partly cloudy throughout the day with rain clearing later.,rain,"07149099999,07156099999,07146099999,07157099999,C1292,07147099999,07150099999"
2024-03-07,,2024-03-07T07:19:45,2024-03-07T18:44:13,Partially cloudy,Partly cloudy throughout the day.,partly-cloudy-day,"07149099999,07156099999,07146099999,LFPV,07157099999,C1292,07147099999,LFPO,07150099999,LFPB"
2024-03-08,,2024-03-08T07:17:42,2024-03-08T18:45:47,Partially cloudy,Becoming cloudy in the afternoon.,partly-cloudy-day,"07149099999,07156099999,07146099999,07157099999,C1292,07147099999,07150099999"
2024-03-09,rain,2024-03-09T07:15:39,2024-03-09T18:47:20,"Rain, Partially cloudy",Partly cloudy throughout the day with rain.,rain,"07149099999,07156099999,07146099999,07157099999,C1292,07147099999,07150099999"
2024-03-10,rain,2024-03-10T07:13:35,2024-03-10T18:48:53,"Rain, Overcast",Cloudy skies throughout the day with rain.,rain,"07149099999,07156099999,07146099999,07157099999,C1292,07147099999,07150099999"
2024-03-11,rain,2024-03-11T07:11:31,2024-03-11T18:50:25,"Rain, Overcast",Cloudy skies throughout the day with rain.,rain,"07149099999,07156099999,07146099999,07157099999,C1292,07147099999,07150099999"
2024-03-12,rain,2024-03-12T07:09:27,2024-03-12T18:51:58,"Rain, Overcast",Cloudy skies throughout the day with a chance of rain throughout the day.,rain,"07149099999,07156099999,07146099999,LFPV,07157099999,C1292,07147099999,LFPO,07150099999,LFPB"
2024-03-13,,2024-03-13T07:07:22,2024-03-13T18:53:30,Overcast,Cloudy skies throughout the day.,cloudy,"07149099999,07156099999,07146099999,07153099999,07157099999,C1292,07147099999,07150099999"
2024-03-14,rain,2024-03-14T07:05:17,2024-03-14T18:55:02,"Rain, Partially cloudy",Partly cloudy throughout the day with early morning rain.,rain,"07149099999,07156099999,07146099999,07153099999,07157099999,C1292,07147099999,07150099999"
2024-03-15,rain,2024-03-15T07:03:11,2024-03-15T18:56:34,"Rain, Overcast",Cloudy skies throughout the day with rain.,rain,"07149099999,07156099999,07146099999,07145099999,07157099999,C1292,07147099999,07150099999,D3623"
2024-03-16,rain,2024-03-16T07:01:06,2024-03-16T18:58:06,"Rain, Partially cloudy",Partly cloudy throughout the day with rain clearing later.,rain,"07149099999,07156099999,07146099999,07157099999,07147099999,C1292,07150099999,D3623"
2024-03-17,rain,2024-03-17T06:59:00,2024-03-17T18:59:37,"Rain, Overcast",Cloudy skies throughout the day with a chance of rain throughout the day.,rain,"07149099999,07156099999,07146099999,07145099999,07157099999,07147099999,C1292,07150099999,D3623"
2024-03-18,rain,2024-03-18T06:56:54,2024-03-18T19:01:08,"Rain, Partially cloudy",Partly cloudy throughout the day with early morning rain.,rain,"07149099999,07156099999,07146099999,07157099999,07147099999,C1292,07150099999,D3623"
2024-03-19,,2024-03-19T06:54:48,2024-03-19T19:02:39,Partially cloudy,Partly cloudy throughout the day.,partly-cloudy-day,"07149099999,07156099999,07146099999,LFPV,07157099999,07147099999,LFPO,07150099999,D3623,LFPB"
2024-03-20,rain,2024-03-20T06:52:42,2024-03-20T19:04:10,"Rain, Partially cloudy",Partly cloudy throughout the day with rain clearing later.,rain,"07149099999,07156099999,07146099999,07157099999,07147099999,C1292,07150099999,D3623"
2024-03-21,,2024-03-21T06:50:35,2024-03-21T19:05:41,Partially cloudy,Partly cloudy throughout the day.,partly-cloudy-day,"07149099999,07156099999,07146099999,07157099999,07147099999,07150099999,D3623"
2024-03-22,rain,2024-03-22T06:48:29,2024-03-22T19:07:12,"Rain, Partially cloudy",Partly cloudy throughout the day with late afternoon rain.,rain,"07149099999,07156099999,07146099999,07157099999,07147099999,C1292,07150099999,D3623"
2024-03-23,rain,2024-03-23T06:46:23,2024-03-23T19:08:42,"Rain, Partially cloudy",Partly cloudy throughout the day with a chance of rain throughout the day.,rain,"07149099999,07156099999,07146099999,07157099999,C1292,07147099999,07150099999"
2024-03-24,rain,2024-03-24T06:44:16,2024-03-24T19:10:13,"Rain, Partially cloudy",Partly cloudy throughout the day with afternoon rain.,rain,"07149099999,07156099999,07146099999,07157099999,C1292,07147099999,07150099999"
2024-03-25,rain,2024-03-25T06:42:10,2024-03-25T19:11:43,"Rain, Partially cloudy",Partly cloudy throughout the day with morning rain.,rain,"07149099999,07156099999,07146099999,07153099999,07157099999,C1292,07147099999,07150099999"
2024-03-26,rain,2024-03-26T06:40:04,2024-03-26T19:13:13,"Rain, Overcast",Cloudy skies throughout the day with a chance of rain throughout the day.,rain,"07149099999,07156099999,07146099999,LFPV,07145099999,07153099999,07157099999,C1292,07147099999,LFPO,07150099999,LFPB"
2024-03-27,rain,2024-03-27T06:37:58,2024-03-27T19:14:44,"Rain, Overcast",Cloudy skies throughout the day with rain in the morning and afternoon.,rain,"07149099999,LFPV,07156099999,07146099999,07157099999,C1292,LFPO,07147099999,07150099999,LFPB"
2024-03-28,rain,2024-03-28T06:35:52,2024-03-28T19:16:14,"Rain, Partially cloudy",Partly cloudy throughout the day with a chance of rain throughout the day.,rain,"LFPV,C1292,LFPO,LFPB"
2024-03-29,rain,2024-03-29T06:33:46,2024-03-29T19:17:44,"Rain, Overcast",Cloudy skies throughout the day with rain.,rain,"LFPV,C1292,LFPO,LFPB"
2024-03-30,rain,2024-03-30T06:31:40,2024-03-30T19:19:14,"Rain, Overcast",Cloudy skies throughout the day with rain clearing later.,rain,"LFPV,C1292,LFPO,LFPB"
2024-03-31,rain,2024-03-31T07:29:35,2024-03-31T20:20:43,"Rain, Partially cloudy",Partly cloudy throughout the day with rain.,rain,"LFPV,C1292,LFPO,LFPB"
2024-04-01,rain,2024-04-01T07:27:30,2024-04-01T20:22:13,"Rain, Partially cloudy",Partly cloudy throughout the day with late afternoon rain.,rain,"07149099999,LFPV,07156099999,07146099999,07157099999,C1292,LFPO,07147099999,07150099999,LFPB"
2024-04-02,rain,2024-04-02T07:25:25,2024-04-02T20:23:43,"Rain, Partially cloudy",Partly cloudy throughout the day with rain.,rain,"07149099999,07156099999,07146099999,LFPV,07145099999,07157099999,C1292,07147099999,LFPO,07150099999,LFPB"
2024-04-03,rain,2024-04-03T07:23:20,2024-04-03T20:25:13,"Rain, Overcast",Cloudy skies throughout the day with a chance of rain throughout the day.,rain,"07149099999,07156099999,07146099999,07145099999,07157099999,C1292,07147099999,07150099999"
2024-04-04,rain,2024-04-04T07:21:16,2024-04-04T20:26:43,"Rain, Overcast",Cloudy skies throughout the day with a chance of rain throughout the day.,rain,"07149099999,07156099999,07146099999,07145099999,07157099999,C1292,07147099999,07150099999"
2024-04-05,rain,2024-04-05T07:19:12,2024-04-05T20:28:12,"Rain, Overcast",Cloudy skies throughout the day with rain.,rain,"07149099999,07156099999,07146099999,07157099999,C1292,07147099999,07150099999"
2024-04-06,rain,2024-04-06T07:17:09,2024-04-06T20:29:42,"Rain, Overcast",Cloudy skies throughout the day with afternoon rain.,rain,"07149099999,07156099999,07146099999,07157099999,C1292,07147099999,07150099999"
2024-04-07,rain,2024-04-07T07:15:06,2024-04-07T20:31:12,"Rain, Overcast",Cloudy skies throughout the day with rain.,rain,"07149099999,07156099999,07146099999,07157099999,C1292,07147099999,07150099999"
2024-04-08,rain,2024-04-08T07:13:03,2024-04-08T20:32:41,"Rain, Partially cloudy",Partly cloudy throughout the day with a chance of rain throughout the day.,rain,"07149099999,07156099999,07146099999,07145099999,07157099999,C1292,07147099999,07150099999"
2024-04-09,rain,2024-04-09T07:11:01,2024-04-09T20:34:11,"Rain, Partially cloudy",Partly cloudy throughout the day with rain.,rain,"07149099999,07156099999,07146099999,07145099999,07157099999,C1292,07147099999,07150099999"
2024-04-10,rain,2024-04-10T07:09:00,2024-04-10T20:35:40,"Rain, Partially cloudy",Partly cloudy throughout the day with morning rain.,rain,"07149099999,07156099999,07146099999,07157099999,C1292,07147099999,07150099999"
2024-04-11,rain,2024-04-11T07:06:59,2024-04-11T20:37:10,"Rain, Overcast",Cloudy skies throughout the day with morning rain.,rain,"07149099999,07156099999,07146099999,07145099999,07157099999,C1292,07147099999,07150099999"
2024-04-12,rain,2024-04-12T07:04:59,2024-04-12T20:38:40,"Rain, Partially cloudy",Partly cloudy throughout the day with rain in the morning and afternoon.,rain,"07149099999,07156099999,07146099999,07145099999,07157099999,C1292,07147099999,07150099999"
2024-04-13,,2024-04-13T07:02:59,2024-04-13T20:40:09,Partially cloudy,Partly cloudy throughout the day.,partly-cloudy-day,"07149099999,07156099999,07146099999,07157099999,C1292,07147099999,07150099999"
2024-04-14,,2024-04-14T07:01:00,2024-04-14T20:41:39,Partially cloudy,Partly cloudy throughout the day.,partly-cloudy-day,"07149099999,07156099999,07146099999,07157099999,C1292,07147099999,07150099999"
2024-04-15,rain,2024-04-15T06:59:02,2024-04-15T20:43:08,"Rain, Partially cloudy",Partly cloudy throughout the day with late afternoon rain.,rain,"07149099999,07156099999,07146099999,07157099999,C1292,07147099999,07150099999"
2024-04-16,rain,2024-04-16T06:57:05,2024-04-16T20:44:38,"Rain, Partially cloudy",Partly cloudy throughout the day with rain.,rain,"07149099999,07156099999,07146099999,07157099999,C1292,07147099999,07150099999"
2024-04-17,rain,2024-04-17T06:55:08,2024-04-17T20:46:07,"Rain, Partially cloudy",Partly cloudy throughout the day with a chance of rain throughout the day.,rain,"07149099999,07156099999,07146099999,07157099999,07147099999,C1292,07150099999"
2024-04-18,rain,2024-04-18T06:53:12,2024-04-18T20:47:36,"Rain, Partially cloudy",Partly cloudy throughout the day with rain clearing later.,rain,"07149099999,07156099999,07146099999,07157099999,C1292,07147099999,07150099999"
2024-04-19,rain,2024-04-19T06:51:17,2024-04-19T20:49:06,"Rain, Overcast",Cloudy skies throughout the day with rain.,rain,"07149099999,07156099999,07146099999,07145099999,07157099999,C1292,07147099999,07150099999"
2024-04-20,rain,2024-04-20T06:49:23,2024-04-20T20:50:35,"Rain, Partially cloudy",Partly cloudy throughout the day with rain in the morning and afternoon.,rain,"07149099999,07156099999,07146099999,07157099999,C1292,07147099999,07150099999"
2024-04-21,rain,2024-04-21T06:47:30,2024-04-21T20:52:04,"Rain, Partially cloudy",Partly cloudy throughout the day with afternoon rain.,rain,"07149099999,07156099999,07146099999,07157099999,C1292,07147099999,07150099999"
2024-04-22,rain,2024-04-22T06:45:37,2024-04-22T20:53:33,"Rain, Partially cloudy",Partly cloudy throughout the day with rain.,rain,"07149099999,07156099999,07146099999,07157099999,C1292,07147099999,07150099999"
2024-04-23,rain,2024-04-23T06:43:46,2024-04-23T20:55:02,"Rain, Partially cloudy",Partly cloudy throughout the day with morning rain.,rain,"07149099999,07156099999,07146099999,07157099999,C1292,07147099999,07150099999"
2024-04-24,rain,2024-04-24T06:41:56,2024-04-24T20:56:31,"Rain, Overcast",Cloudy skies throughout the day with early morning rain.,rain,"07149099999,07156099999,07146099999,07157099999,C1292,07147099999,07150099999"
2024-04-25,rain,2024-04-25T06:40:07,2024-04-25T20:58:00,Partially cloudy,Partly cloudy throughout the day.,partly-cloudy-day,"07149099999,07156099999,07146099999,07157099999,C1292,07147099999,07150099999"
2024-04-26,rain,2024-04-26T06:38:19,2024-04-26T20:59:29,"Rain, Partially cloudy",Partly cloudy throughout the day with late afternoon rain.,rain,"07149099999,07156099999,07146099999,07157099999,C1292,07147099999,07150099999"
2024-04-27,rain,2024-04-27T06:36:32,2024-04-27T21:00:57,"Rain, Overcast",Cloudy skies throughout the day with a chance of rain throughout the day.,rain,"07149099999,07156099999,07146099999,07145099999,07157099999,C1292,07147099999,07150099999"
2024-04-28,rain,2024-04-28T06:34:46,2024-04-28T21:02:25,"Rain, Partially cloudy",Partly cloudy throughout the day with rain clearing later.,rain,"07149099999,07156099999,07146099999,07157099999,C1292,07147099999,07150099999"
2024-04-29,,2024-04-29T06:33:01,2024-04-29T21:03:53,Partially cloudy,Partly cloudy throughout the day.,partly-cloudy-day,"07149099999,07156099999,07146099999,07157099999,C1292,07147099999,07150099999"
2024-04-30,rain,2024-04-30T06:31:18,2024-04-30T21:05:21,"Rain, Overcast",Cloudy skies throughout the day with rain.,rain,"07149099999,07156099999,07146099999,07145099999,07157099999,C1292,07147099999,07150099999"
2024-05-01,rain,2024-05-01T06:29:36,2024-05-01T21:06:49,"Rain, Partially cloudy",Partly cloudy throughout the day with rain.,rain,"07149099999,LFPV,C1292,LFPO,LFPB"
2024-05-02,rain,2024-05-02T06:27:56,2024-05-02T21:08:16,"Rain, Overcast",Cloudy skies throughout the day with rain.,rain,"07149099999,07156099999,07146099999,07157099999,C1292,07147099999,07150099999"
2024-05-03,rain,2024-05-03T06:26:17,2024-05-03T21:09:43,"Rain, Partially cloudy",Partly cloudy throughout the day with rain in the morning and afternoon.,rain,"07149099999,07156099999,07146099999,07157099999,C1292,07147099999,07150099999"
2024-05-04,rain,2024-05-04T06:24:39,2024-05-04T21:11:09,"Rain, Partially cloudy",Partly cloudy throughout the day with a chance of rain throughout the day.,rain,"07149099999,07156099999,07146099999,07157099999,C1292,07147099999,07150099999"
2024-05-05,rain,2024-05-05T06:23:02,2024-05-05T21:12:36,"Rain, Overcast",Cloudy skies throughout the day with a chance of rain throughout the day.,rain,"07149099999,07156099999,07146099999,07157099999,C1292,07147099999,07150099999"
2024-05-06,rain,2024-05-06T06:21:28,2024-05-06T21:14:01,"Rain, Partially cloudy",Partly cloudy throughout the day with early morning rain.,rain,"07149099999,07156099999,07146099999,07157099999,C1292,07147099999,07150099999"
2024-05-07,rain,2024-05-07T06:19:54,2024-05-07T21:15:27,"Rain, Partially cloudy",Partly cloudy throughout the day with morning rain.,rain,"07149099999,07156099999,07146099999,LFPV,07157099999,C1292,07147099999,LFPO,07150099999,LFPB"
2024-05-08,,2024-05-08T06:18:23,2024-05-08T21:16:51,Partially cloudy,Partly cloudy throughout the day.,partly-cloudy-day,"07149099999,07156099999,07146099999,LFPV,07153099999,07157099999,C1292,07147099999,LFPO,07150099999,LFPB"
2024-05-09,,2024-05-09T06:16:53,2024-05-09T21:18:16,Partially cloudy,Partly cloudy throughout the day.,partly-cloudy-day,"07149099999,07156099999,07146099999,07157099999,C1292,07147099999,07150099999"
2024-05-10,,2024-05-10T06:15:24,2024-05-10T21:19:39,Partially cloudy,Partly cloudy throughout the day.,partly-cloudy-day,"07149099999,07156099999,07146099999,07157099999,C1292,07147099999,07150099999"
2024-05-11,,2024-05-11T06:13:58,2024-05-11T21:21:02,Partially cloudy,Partly cloudy throughout the day.,partly-cloudy-day,"07149099999,07156099999,07146099999,07157099999,C1292,07147099999,07150099999"
2024-05-12,rain,2024-05-12T06:12:33,2024-05-12T21:22:25,"Rain, Partially cloudy",Partly cloudy throughout the day with rain.,rain,"07149099999,07156099999,07146099999,07145099999,07157099999,C1292,07147099999,07150099999"
2024-05-13,rain,2024-05-13T06:11:10,2024-05-13T21:23:46,Partially cloudy,Partly cloudy throughout the day.,partly-cloudy-day,"07149099999,07156099999,07146099999,07157099999,C1292,07147099999,07150099999"
2024-05-14,rain,2024-05-14T06:09:49,2024-05-14T21:25:07,"Rain, Overcast",Cloudy skies throughout the day with a chance of rain throughout the day.,rain,"07149099999,07156099999,07146099999,07145099999,07157099999,C1292,07147099999,07150099999"
2024-05-15,rain,2024-05-15T06:08:30,2024-05-15T21:26:28,"Rain, Partially cloudy",Partly cloudy throughout the day with rain.,rain,"07149099999,07156099999,07146099999,07157099999,C1292,07147099999,07150099999,D3623"
2024-05-16,rain,2024-05-16T06:07:12,2024-05-16T21:27:47,"Rain, Partially cloudy",Partly cloudy throughout the day with rain clearing later.,rain,"07149099999,07156099999,07146099999,07145099999,07157099999,C1292,07147099999,07150099999"
2024-05-17,rain,2024-05-17T06:05:57,2024-05-17T21:29:05,"Rain, Overcast",Cloudy skies throughout the day with rain.,rain,"07149099999,07156099999,07146099999,07157099999,C1292,07147099999,07150099999"
2024-05-18,rain,2024-05-18T06:04:44,2024-05-18T21:30:23,"Rain, Partially cloudy",Partly cloudy throughout the day with late afternoon rain.,rain,"07149099999,07156099999,07146099999,07145099999,07157099999,C1292,07147099999,07150099999"
2024-05-19,rain,2024-05-19T06:03:32,2024-05-19T21:31:39,"Rain, Overcast",Cloudy skies throughout the day with rain.,rain,"07149099999,07156099999,07146099999,07145099999,07157099999,C1292,07147099999,07150099999"
2024-05-20,rain,2024-05-20T06:02:23,2024-05-20T21:32:55,"Rain, Partially cloudy",Becoming cloudy in the afternoon with late afternoon rain.,rain,"07149099999,07156099999,07146099999,07145099999,07157099999,C1292,07147099999,07150099999"
2024-05-21,rain,2024-05-21T06:01:16,2024-05-21T21:34:09,"Rain, Overcast",Cloudy skies throughout the day with a chance of rain throughout the day.,rain,"07149099999,07156099999,07146099999,07145099999,07157099999,C1292,07147099999,07150099999"
2024-05-22,rain,2024-05-22T06:00:11,2024-05-22T21:35:22,"Rain, Partially cloudy",Partly cloudy throughout the day with rain.,rain,"07149099999,07156099999,07146099999,07145099999,07157099999,C1292,07147099999,07150099999"
2024-05-23,rain,2024-05-23T05:59:09,2024-05-23T21:36:34,"Rain, Partially cloudy",Partly cloudy throughout the day with rain.,rain,"07149099999,07156099999,07146099999,07145099999,07157099999,C1292,07147099999,07150099999"
2024-05-24,rain,2024-05-24T05:58:09,2024-05-24T21:37:44,Partially cloudy,Partly cloudy throughout the day.,partly-cloudy-day,"07149099999,07156099999,07146099999,07145099999,07157099999,C1292,07147099999,07150099999"
2024-05-25,rain,2024-05-25T05:57:11,2024-05-25T21:38:53,"Rain, Partially cloudy",Partly cloudy throughout the day with early morning rain.,rain,"07149099999,07156099999,07146099999,07145099999,07157099999,C1292,07147099999,07150099999"
2024-05-26,rain,2024-05-26T05:56:15,2024-05-26T21:40:01,"Rain, Partially cloudy",Partly cloudy throughout the day with late afternoon rain.,rain,"07149099999,07156099999,07146099999,07153099999,07157099999,C1292,07147099999,07150099999"
2024-05-27,rain,2024-05-27T05:55:22,2024-05-27T21:41:07,"Rain, Partially cloudy",Partly cloudy throughout the day with rain.,rain,"07149099999,07156099999,07146099999,07145099999,07157099999,C1292,07147099999,07150099999"
2024-05-28,rain,2024-05-28T05:54:31,2024-05-28T21:42:12,"Rain, Partially cloudy",Partly cloudy throughout the day with rain.,rain,"07149099999,07156099999,07146099999,07157099999,C1292,07147099999,07150099999"
2024-05-29,rain,2024-05-29T05:53:42,2024-05-29T21:43:15,"Rain, Overcast",Cloudy skies throughout the day with rain.,rain,"07149099999,07156099999,07146099999,07145099999,07157099999,C1292,07147099999,07150099999"
2024-05-30,rain,2024-05-30T05:52:56,2024-05-30T21:44:17,"Rain, Overcast",Cloudy skies throughout the day with a chance of rain throughout the day.,rain,"07149099999,07156099999,07146099999,07145099999,07157099999,C1292,07147099999,07150099999"
2024-05-31,rain,2024-05-31T05:52:13,2024-05-31T21:45:17,"Rain, Overcast",Cloudy skies throughout the day with rain.,rain,"07149099999,07156099999,07146099999,07145099999,07157099999,C1292,07147099999,07150099999"
2024-06-01,rain,2024-06-01T05:51:32,2024-06-01T21:46:15,"Rain, Overcast",Cloudy skies throughout the day with rain.,rain,"07149099999,07156099999,07146099999,07157099999,C1292,07147099999,07150099999"
2024-06-02,rain,2024-06-02T05:50:54,2024-06-02T21:47:11,"Rain, Overcast",Cloudy skies throughout the day with late afternoon rain.,rain,"07149099999,07156099999,07146099999,07153099999,07157099999,C1292,07147099999,07150099999"
2024-06-03,rain,2024-06-03T05:50:18,2024-06-03T21:48:05,Partially cloudy,Partly cloudy throughout the day.,partly-cloudy-day,"07149099999,07156099999,07146099999,LFPV,07157099999,C1292,07147099999,LFPO,07150099999,LFPB"
2024-06-04,rain,2024-06-04T05:49:45,2024-06-04T21:48:58,Partially cloudy,Partly cloudy throughout the day.,partly-cloudy-day,"07149099999,07156099999,07146099999,07157099999,C1292,07147099999,07150099999"
2024-06-05,rain,2024-06-05T05:49:14,2024-06-05T21:49:48,Partially cloudy,Partly cloudy throughout the day.,partly-cloudy-day,"07149099999,07156099999,07146099999,07157099999,C1292,07147099999,07150099999"
2024-06-06,,2024-06-06T05:48:46,2024-06-06T21:50:36,Partially cloudy,Partly cloudy throughout the day.,partly-cloudy-day,"07149099999,07156099999,07146099999,07157099999,C1292,07147099999,07150099999"
2024-06-07,,2024-06-07T05:48:21,2024-06-07T21:51:23,Clear,Clear conditions throughout the day.,clear-day,"07149099999,07156099999,07146099999,07157099999,C1292,07147099999,07150099999"
2024-06-08,,2024-06-08T05:47:58,2024-06-08T21:52:07,Partially cloudy,Partly cloudy throughout the day.,partly-cloudy-day,"07149099999,07156099999,07146099999,07157099999,C1292,07147099999,07150099999"
2024-06-09,,2024-06-09T05:47:39,2024-06-09T21:52:48,Partially cloudy,Partly cloudy throughout the day.,partly-cloudy-day,"07149099999,07156099999,07146099999,07157099999,C1292,07147099999,07150099999"
2024-06-10,rain,2024-06-10T05:47:22,2024-06-10T21:53:28,"Rain, Partially cloudy",Partly cloudy throughout the day with afternoon rain.,rain,"07149099999,07156099999,07146099999,07145099999,07157099999,C1292,07147099999,07150099999"
2024-06-11,rain,2024-06-11T05:47:07,2024-06-11T21:54:05,Partially cloudy,Partly cloudy throughout the day.,partly-cloudy-day,"07149099999,07156099999,07146099999,07157099999,C1292,07147099999,07150099999"
2024-06-12,rain,2024-06-12T05:46:55,2024-06-12T21:54:40,"Rain, Partially cloudy",Partly cloudy throughout the day with rain in the morning and afternoon.,rain,"07149099999,07156099999,07146099999,07157099999,C1292,07147099999,07150099999"
2024-06-13,,2024-06-13T05:46:46,2024-06-13T21:55:12,Partially cloudy,Partly cloudy throughout the day.,partly-cloudy-day,"07149099999,07156099999,07146099999,07157099999,C1292,07147099999,07150099999"
2024-06-14,rain,2024-06-14T05:46:40,2024-06-14T21:55:42,"Rain, Overcast",Cloudy skies throughout the day with rain.,rain,"07149099999,07156099999,07146099999,07153099999,07157099999,C1292,07147099999,07150099999"
2024-06-15,rain,2024-06-15T05:46:37,2024-06-15T21:56:10,"Rain, Partially cloudy",Partly cloudy throughout the day with late afternoon rain.,rain,"07149099999,07156099999,07146099999,07157099999,C1292,07147099999,07150099999"
2024-06-16,rain,2024-06-16T05:46:36,2024-06-16T21:56:35,"Rain, Overcast",Cloudy skies throughout the day with rain.,rain,"07149099999,07156099999,07146099999,07157099999,C1292,07147099999,07150099999"
2024-06-17,rain,2024-06-17T05:46:38,2024-06-17T21:56:57,"Rain, Overcast",Cloudy skies throughout the day with rain.,rain,"07149099999,07156099999,07146099999,07157099999,C1292,07147099999,07150099999"
2024-06-18,rain,2024-06-18T05:46:42,2024-06-18T21:57:17,"Rain, Overcast",Cloudy skies throughout the day with morning rain.,rain,"07149099999,07156099999,07146099999,07157099999,C1292,07147099999,07150099999"
2024-06-19,rain,2024-06-19T05:46:49,2024-06-19T21:57:34,"Rain, Overcast",Cloudy skies throughout the day with early morning rain.,rain,"07149099999,07156099999,07146099999,07157099999,C1292,07147099999,07150099999"
2024-06-20,rain,2024-06-20T05:46:59,2024-06-20T21:57:48,"Rain, Overcast",Cloudy skies throughout the day with late afternoon rain.,rain,"07149099999,07156099999,07146099999,07157099999,C1292,07147099999,07150099999"
2024-06-21,rain,2024-06-21T05:47:12,2024-06-21T21:58:00,"Rain, Partially cloudy",Partly cloudy throughout the day with rain in the morning and afternoon.,rain,"07149099999,07156099999,07146099999,07157099999,C1292,07147099999,07150099999"
2024-06-22,rain,2024-06-22T05:47:27,2024-06-22T21:58:09,"Rain, Partially cloudy",Partly cloudy throughout the day with a chance of rain throughout the day.,rain,"07149099999,07156099999,07146099999,07157099999,C1292,07147099999,07150099999"
2024-06-23,,2024-06-23T05:47:45,2024-06-23T21:58:16,Partially cloudy,Partly cloudy throughout the day.,partly-cloudy-day,"07149099999,07156099999,07146099999,07157099999,C1292,07147099999,07150099999"
2024-06-24,,2024-06-24T05:48:05,2024-06-24T21:58:19,Partially cloudy,Partly cloudy throughout the day.,partly-cloudy-day,"07149099999,07156099999,07146099999,07157099999,C1292,07147099999,07150099999"
2024-06-25,rain,2024-06-25T05:48:28,2024-06-25T21:58:20,"Rain, Partially cloudy",Partly cloudy throughout the day with late afternoon rain.,rain,"07149099999,07156099999,07146099999,07157099999,07147099999,C1292,07150099999"
2024-06-26,rain,2024-06-26T05:48:53,2024-06-26T21:58:18,"Rain, Partially cloudy",Partly cloudy throughout the day with early morning rain.,rain,"07149099999,07156099999,07146099999,07157099999,C1292,07147099999,07150099999"
2024-06-27,rain,2024-06-27T05:49:20,2024-06-27T21:58:14,Partially cloudy,Partly cloudy throughout the day.,partly-cloudy-day,"07149099999,07156099999,07146099999,07157099999,C1292,07147099999,07150099999"
2024-06-28,,2024-06-28T05:49:51,2024-06-28T21:58:07,Partially cloudy,Partly cloudy throughout the day.,partly-cloudy-day,"07149099999,07156099999,07146099999,07157099999,C1292,07147099999,07150099999"
2024-06-29,rain,2024-06-29T05:50:23,2024-06-29T21:57:56,"Rain, Overcast",Cloudy skies throughout the day with late afternoon rain.,rain,"07149099999,07156099999,07146099999,07157099999,C1292,07147099999,07150099999"
2024-06-30,rain,2024-06-30T05:50:58,2024-06-30T21:57:44,"Rain, Overcast",Cloudy skies throughout the day with rain.,rain,"07149099999,07156099999,07146099999,07157099999,C1292,07147099999,07150099999"
2024-07-01,rain,2024-07-01T05:51:35,2024-07-01T21:57:28,"Rain, Partially cloudy",Partly cloudy throughout the day with rain.,rain,"07149099999,07156099999,07146099999,07157099999,C1292,07147099999,07150099999"
2024-07-02,rain,2024-07-02T05:52:14,2024-07-02T21:57:10,"Rain, Overcast",Cloudy skies throughout the day with rain.,rain,"07149099999,07156099999,07146099999,07157099999,C1292,07147099999,07150099999"
2024-07-03,rain,2024-07-03T05:52:56,2024-07-03T21:56:48,"Rain, Overcast",Cloudy skies throughout the day with late afternoon rain.,rain,"07149099999,07156099999,07146099999,07157099999,C1292,07147099999,07150099999"
2024-07-04,rain,2024-07-04T05:53:39,2024-07-04T21:56:25,"Rain, Partially cloudy",Partly cloudy throughout the day with rain clearing later.,rain,"07149099999,07156099999,07146099999,07157099999,C1292,07147099999,07150099999"
2024-07-05,,2024-07-05T05:54:25,2024-07-05T21:55:58,Partially cloudy,Partly cloudy throughout the day.,partly-cloudy-day,"07149099999,07156099999,07146099999,07157099999,C1292,07147099999,07150099999"
2024-07-06,rain,2024-07-06T05:55:12,2024-07-06T21:55:29,"Rain, Partially cloudy",Partly cloudy throughout the day with morning rain.,rain,"07149099999,07156099999,07146099999,07157099999,C1292,07147099999,07150099999"
2024-07-07,rain,2024-07-07T05:56:02,2024-07-07T21:54:57,"Rain, Partially cloudy",Partly cloudy throughout the day with afternoon rain.,rain,"07149099999,07156099999,07146099999,07157099999,C1292,07147099999,07150099999"
2024-07-08,rain,2024-07-08T05:56:54,2024-07-08T21:54:22,Partially cloudy,Partly cloudy throughout the day.,partly-cloudy-day,"07149099999,07156099999,07146099999,07157099999,C1292,07147099999,07150099999"
2024-07-09,rain,2024-07-09T05:57:47,2024-07-09T21:53:45,"Rain, Partially cloudy",Partly cloudy throughout the day with afternoon rain.,rain,"07149099999,07156099999,07146099999,07157099999,C1292,07147099999,07150099999"
2024-07-10,rain,2024-07-10T05:58:42,2024-07-10T21:53:05,"Rain, Partially cloudy",Partly cloudy throughout the day with early morning rain.,rain,"07149099999,07156099999,07146099999,07157099999,C1292,07147099999,07150099999"
2024-07-11,rain,2024-07-11T05:59:39,2024-07-11T21:52:23,"Rain, Partially cloudy",Partly cloudy throughout the day with late afternoon rain.,rain,"07149099999,07156099999,07146099999,07157099999,C1292,07147099999,07150099999"
2024-07-12,rain,2024-07-12T06:00:38,2024-07-12T21:51:38,"Rain, Overcast",Cloudy skies throughout the day with rain clearing later.,rain,"07149099999,07156099999,07146099999,LFPV,07145099999,07153099999,07157099999,C1292,07147099999,LFPO,07150099999,LFPB"
2024-07-13,rain,2024-07-13T06:01:38,2024-07-13T21:50:50,"Rain, Partially cloudy",Partly cloudy throughout the day with a chance of rain throughout the day.,rain,"07149099999,07156099999,07146099999,LFPV,07145099999,07153099999,07157099999,C1292,07147099999,LFPO,07150099999,LFPB"
2024-07-14,rain,2024-07-14T06:02:40,2024-07-14T21:50:00,"Rain, Partially cloudy",Becoming cloudy in the afternoon with morning rain.,rain,"07149099999,07156099999,07146099999,LFPV,07145099999,07153099999,07157099999,C1292,07147099999,LFPO,07150099999,LFPB"
2024-07-15,rain,2024-07-15T06:03:43,2024-07-15T21:49:08,"Rain, Partially cloudy",Partly cloudy throughout the day with afternoon rain.,rain,"07149099999,07146099999,LFPV,07156099999,07153099999,07157099999,C1292,07147099999,LFPO,07150099999,LFPB"
2024-07-16,rain,2024-07-16T06:04:48,2024-07-16T21:48:13,"Rain, Partially cloudy",Partly cloudy throughout the day with rain in the morning and afternoon.,rain,"07149099999,07156099999,07146099999,07145099999,07157099999,C1292,07147099999,07150099999"
2024-07-17,,2024-07-17T06:05:54,2024-07-17T21:47:16,Partially cloudy,Partly cloudy throughout the day.,partly-cloudy-day,"07149099999,07156099999,07146099999,07145099999,07157099999,C1292,07147099999,07150099999"
2024-07-18,,2024-07-18T06:07:01,2024-07-18T21:46:16,Partially cloudy,Partly cloudy throughout the day.,partly-cloudy-day,"07149099999,07156099999,07146099999,07157099999,C1292,07147099999,07150099999"
2024-07-19,,2024-07-19T06:08:10,2024-07-19T21:45:14,Partially cloudy,Partly cloudy throughout the day.,partly-cloudy-day,"07149099999,07156099999,07146099999,07157099999,C1292,07147099999,07150099999"
2024-07-20,,2024-07-20T06:09:19,2024-07-20T21:44:10,Partially cloudy,Partly cloudy throughout the day.,partly-cloudy-day,"07149099999,07156099999,07146099999,LFPV,07145099999,07153099999,07157099999,C1292,07147099999,LFPO,07150099999,LFPB"
2024-07-21,rain,2024-07-21T06:10:30,2024-07-21T21:43:04,"Rain, Partially cloudy",Partly cloudy throughout the day with rain clearing later.,rain,"07149099999,07156099999,07146099999,07157099999,C1292,07147099999,07150099999"
2024-07-22,rain,2024-07-22T06:11:42,2024-07-22T21:41:55,Partially cloudy,Partly cloudy throughout the day.,partly-cloudy-day,"07149099999,07156099999,07146099999,07157099999,C1292,07147099999,07150099999"
2024-07-23,rain,2024-07-23T06:12:55,2024-07-23T21:40:44,"Rain, Overcast",Cloudy skies throughout the day with rain in the morning and afternoon.,rain,"07149099999,07156099999,07146099999,LFPV,07157099999,C1292,07147099999,LFPO,07150099999,LFPB"
2024-07-24,rain,2024-07-24T06:14:09,2024-07-24T21:39:32,Partially cloudy,Partly cloudy throughout the day.,partly-cloudy-day,"07149099999,07156099999,07146099999,07157099999,C1292,07147099999,07150099999"
2024-07-25,rain,2024-07-25T06:15:24,2024-07-25T21:38:17,"Rain, Overcast",Cloudy skies throughout the day with late afternoon rain.,rain,"07149099999,07156099999,07146099999,07157099999,C1292,07147099999,07150099999"
2024-07-26,rain,2024-07-26T06:16:40,2024-07-26T21:37:00,"Rain, Overcast",Cloudy skies throughout the day with a chance of rain throughout the day.,rain,"07149099999,07156099999,07146099999,07157099999,C1292,07147099999,07150099999"
2024-07-27,rain,2024-07-27T06:17:57,2024-07-27T21:35:41,"Rain, Overcast",Cloudy skies throughout the day with a chance of rain throughout the day.,rain,"07149099999,07156099999,07146099999,07157099999,C1292,07147099999,07150099999"
2024-07-28,rain,2024-07-28T06:19:14,2024-07-28T21:34:20,"Rain, Partially cloudy",Partly cloudy throughout the day with early morning rain.,rain,"07149099999,07156099999,07146099999,07157099999,C1292,07147099999,07150099999"
2024-07-29,,2024-07-29T06:20:32,2024-07-29T21:32:57,Partially cloudy,Partly cloudy throughout the day.,partly-cloudy-day,"07149099999,07156099999,07146099999,07157099999,C1292,07147099999,07150099999"
2024-07-30,,2024-07-30T06:21:51,2024-07-30T21:31:33,Partially cloudy,Partly cloudy throughout the day.,partly-cloudy-day,"07149099999,07156099999,07146099999,07157099999,C1292,07147099999,07150099999"
2024-07-31,rain,2024-07-31T06:23:10,2024-07-31T21:30:06,"Rain, Partially cloudy",Partly cloudy throughout the day with rain.,rain,"07149099999,07156099999,07146099999,LFPV,07157099999,C1292,07147099999,LFPO,07150099999,LFPB"
2024-08-01,rain,2024-08-01T06:24:30,2024-08-01T21:28:38,"Rain, Partially cloudy",Partly cloudy throughout the day with rain.,rain,"07149099999,07156099999,07146099999,07157099999,C1292,07147099999,07150099999"
2024-08-02,rain,2024-08-02T06:25:51,2024-08-02T21:27:08,"Rain, Partially cloudy",Partly cloudy throughout the day with early morning rain.,rain,"07149099999,07156099999,07146099999,LFPV,07157099999,C1292,07147099999,LFPO,07150099999,LFPB"
2024-08-03,rain,2024-08-03T06:27:12,2024-08-03T21:25:37,"Rain, Partially cloudy",Partly cloudy throughout the day with rain.,rain,"07149099999,07156099999,07146099999,LFPV,07157099999,C1292,07147099999,LFPO,07150099999,LFPB"
2024-08-04,,2024-08-04T06:28:33,2024-08-04T21:24:04,Overcast,Cloudy skies throughout the day.,cloudy,"07149099999,07156099999,07146099999,07157099999,C1292,07147099999,07150099999"
2024-08-05,,2024-08-05T06:29:55,2024-08-05T21:22:29,Partially cloudy,Partly cloudy throughout the day.,partly-cloudy-day,"07149099999,07156099999,07146099999,07157099999,C1292,07147099999,07150099999"
2024-08-06,,2024-08-06T06:31:17,2024-08-06T21:20:53,Partially cloudy,Partly cloudy throughout the day.,partly-cloudy-day,"07149099999,07156099999,07146099999,07157099999,C1292,07147099999,07150099999"
2024-08-07,rain,2024-08-07T06:32:40,2024-08-07T21:19:15,"Rain, Partially cloudy",Partly cloudy throughout the day with morning rain.,rain,"07149099999,07156099999,07146099999,07157099999,C1292,07147099999,07150099999"
2024-08-08,,2024-08-08T06:34:03,2024-08-08T21:17:36,Partially cloudy,Partly cloudy throughout the day.,partly-cloudy-day,"07149099999,07156099999,07146099999,07157099999,C1292,07147099999,07150099999"
2024-08-09,rain,2024-08-09T06:35:26,2024-08-09T21:15:55,"Rain, Partially cloudy",Partly cloudy throughout the day with late afternoon rain.,rain,"07149099999,07156099999,07146099999,07157099999,C1292,07147099999,07150099999"
2024-08-10,,2024-08-10T06:36:49,2024-08-10T21:14:13,Partially cloudy,Partly cloudy throughout the day.,partly-cloudy-day,"07149099999,07156099999,07146099999,07157099999,C1292,07147099999,07150099999"
2024-08-11,,2024-08-11T06:38:13,2024-08-11T21:12:29,Partially cloudy,Partly cloudy throughout the day.,partly-cloudy-day,"07149099999,07156099999,07146099999,LFPV,07157099999,C1292,07147099999,LFPO,07150099999,LFPB"
2024-08-12,,2024-08-12T06:39:37,2024-08-12T21:10:45,Clear,Clear conditions throughout the day.,clear-day,"LFPV,C1292,LFPO,07147099999,LFPB"
2024-08-13,,2024-08-13T06:41:01,2024-08-13T21:08:59,Overcast,Cloudy skies throughout the day.,cloudy,"07149099999,07156099999,07146099999,07157099999,C1292,07147099999,07150099999"
2024-08-14,rain,2024-08-14T06:42:25,2024-08-14T21:07:11,"Rain, Overcast",Cloudy skies throughout the day with morning rain.,rain,"07149099999,07156099999,07146099999,07157099999,C1292,07147099999,07150099999"
2024-08-15,,2024-08-15T06:43:50,2024-08-15T21:05:23,Partially cloudy,Partly cloudy throughout the day.,partly-cloudy-day,"07149099999,07156099999,07146099999,07157099999,C1292,07147099999,07150099999"
2024-08-16,rain,2024-08-16T06:45:14,2024-08-16T21:03:33,Partially cloudy,Partly cloudy throughout the day.,partly-cloudy-day,"07149099999,07156099999,07146099999,07157099999,C1292,07147099999,07150099999"
2024-08-17,rain,2024-08-17T06:46:39,2024-08-17T21:01:43,"Rain, Overcast",Cloudy skies throughout the day with rain.,rain,"07149099999,07156099999,07146099999,07157099999,C1292,07147099999,07150099999"
2024-08-18,rain,2024-08-18T06:48:04,2024-08-18T20:59:51,"Rain, Overcast",Cloudy skies throughout the day with rain clearing later.,rain,"07149099999,07156099999,07146099999,07157099999,C1292,07147099999,07150099999"
2024-08-19,rain,2024-08-19T06:49:28,2024-08-19T20:57:58,"Rain, Partially cloudy",Partly cloudy throughout the day with morning rain.,rain,"07149099999,07156099999,07146099999,07157099999,C1292,07147099999,07150099999"
2024-08-20,rain,2024-08-20T06:50:53,2024-08-20T20:56:05,"Rain, Partially cloudy",Partly cloudy throughout the day with rain.,rain,"07149099999,07156099999,07146099999,LFPV,07157099999,C1292,07147099999,LFPO,07150099999,LFPB"
2024-08-21,rain,2024-08-21T06:52:18,2024-08-21T20:54:10,"Rain, Partially cloudy",Partly cloudy throughout the day with morning rain.,rain,"07149099999,07156099999,07146099999,07157099999,C1292,07147099999,07150099999"
2024-08-22,rain,2024-08-22T06:53:43,2024-08-22T20:52:14,"Rain, Partially cloudy",Partly cloudy throughout the day with morning rain.,rain,"07149099999,07156099999,07146099999,07157099999,C1292,07147099999,07150099999"
2024-08-23,rain,2024-08-23T06:55:08,2024-08-23T20:50:18,Partially cloudy,Partly cloudy throughout the day.,partly-cloudy-day,"07149099999,07156099999,07146099999,07157099999,C1292,07147099999,07150099999"
2024-08-24,rain,2024-08-24T06:56:33,2024-08-24T20:48:21,"Rain, Partially cloudy",Partly cloudy throughout the day with late afternoon rain.,rain,"07149099999,07156099999,07146099999,07157099999,C1292,07147099999,07150099999"
2024-08-25,,2024-08-25T06:57:58,2024-08-25T20:46:22,Partially cloudy,Partly cloudy throughout the day.,partly-cloudy-day,"07149099999,07156099999,07146099999,07157099999,C1292,07147099999,07150099999"
2024-08-26,,2024-08-26T06:59:23,2024-08-26T20:44:23,Partially cloudy,Partly cloudy throughout the day.,partly-cloudy-day,"07149099999,07156099999,07146099999,07157099999,C1292,07147099999,07150099999"
2024-08-27,,2024-08-27T07:00:48,2024-08-27T20:42:24,Partially cloudy,Clearing in the afternoon.,partly-cloudy-day,"07149099999,07156099999,07146099999,07157099999,C1292,07147099999,07150099999"
2024-08-28,,2024-08-28T07:02:13,2024-08-28T20:40:23,Partially cloudy,Partly cloudy throughout the day.,partly-cloudy-day,"07149099999,07156099999,07146099999,07157099999,C1292,07147099999,07150099999"
2024-08-29,,2024-08-29T07:03:38,2024-08-29T20:38:22,Partially cloudy,Partly cloudy throughout the day.,partly-cloudy-day,"07149099999,07156099999,07146099999,07157099999,C1292,07147099999,07150099999"
2024-08-30,rain,2024-08-30T07:05:03,2024-08-30T20:36:21,"Rain, Overcast",Cloudy skies throughout the day with rain.,rain,"07149099999,07156099999,07146099999,07157099999,C1292,07147099999,07150099999"
2024-08-31,rain,2024-08-31T07:06:28,2024-08-31T20:34:18,"Rain, Partially cloudy",Partly cloudy throughout the day with rain.,rain,"07149099999,07156099999,07146099999,07157099999,C1292,07147099999,07150099999"
2024-09-01,rain,2024-09-01T07:07:53,2024-09-01T20:32:16,"Rain, Partially cloudy",Partly cloudy throughout the day with rain clearing later.,rain,"07149099999,07156099999,07146099999,07157099999,C1292,07147099999,07150099999"
2024-09-02,rain,2024-09-02T07:09:18,2024-09-02T20:30:12,"Rain, Partially cloudy",Partly cloudy throughout the day with late afternoon rain.,rain,"07149099999,07156099999,07146099999,07157099999,C1292,07147099999,07150099999"
2024-09-03,rain,2024-09-03T07:10:42,2024-09-03T20:28:08,"Rain, Overcast",Cloudy skies throughout the day with rain in the morning and afternoon.,rain,"07149099999,07156099999,07146099999,07157099999,C1292,07147099999,07150099999"
2024-09-04,rain,2024-09-04T07:12:07,2024-09-04T20:26:04,Partially cloudy,Partly cloudy throughout the day.,partly-cloudy-day,"07149099999,07156099999,07146099999,07157099999,C1292,07147099999,07150099999"
2024-09-05,rain,2024-09-05T07:13:32,2024-09-05T20:23:59,"Rain, Overcast",Cloudy skies throughout the day with a chance of rain throughout the day.,rain,"07149099999,07156099999,07146099999,07157099999,C1292,07147099999,07150099999"
2024-09-06,rain,2024-09-06T07:14:57,2024-09-06T20:21:54,"Rain, Partially cloudy",Partly cloudy throughout the day with rain clearing later.,rain,"07149099999,07156099999,07146099999,07157099999,C1292,07147099999,07150099999"
2024-09-07,rain,2024-09-07T07:16:22,2024-09-07T20:19:48,"Rain, Overcast",Cloudy skies throughout the day with a chance of rain throughout the day.,rain,"07149099999,07156099999,07146099999,07157099999,C1292,07147099999,07150099999"
2024-09-08,rain,2024-09-08T07:17:47,2024-09-08T20:17:42,"Rain, Partially cloudy",Partly cloudy throughout the day with rain.,rain,"07149099999,07156099999,07146099999,07157099999,C1292,07147099999,07150099999"
2024-09-09,rain,2024-09-09T07:19:12,2024-09-09T20:15:36,"Rain, Overcast",Cloudy skies throughout the day with a chance of rain throughout the day.,rain,"07149099999,07156099999,07146099999,07157099999,C1292,07147099999,07150099999"
2024-09-10,,2024-09-10T07:20:37,2024-09-10T20:13:29,Partially cloudy,Partly cloudy throughout the day.,partly-cloudy-day,"07149099999,07156099999,07146099999,07157099999,C1292,07147099999,07150099999"
2024-09-11,rain,2024-09-11T07:22:02,2024-09-11T20:11:22,"Rain, Partially cloudy",Partly cloudy throughout the day with a chance of rain throughout the day.,rain,"07149099999,07156099999,07146099999,07157099999,C1292,07147099999,07150099999"
2024-09-12,rain,2024-09-12T07:23:27,2024-09-12T20:09:15,"Rain, Partially cloudy",Becoming cloudy in the afternoon with rain.,rain,"07149099999,07156099999,07146099999,07157099999,C1292,07147099999,07150099999"
2024-09-13,rain,2024-09-13T07:24:52,2024-09-13T20:07:07,Partially cloudy,Partly cloudy throughout the day.,partly-cloudy-day,"07149099999,07156099999,07146099999,LFPV,07157099999,C1292,07147099999,LFPO,07150099999,LFPB"
2024-09-14,rain,2024-09-14T07:26:17,2024-09-14T20:05:00,"Rain, Partially cloudy",Partly cloudy throughout the day with early morning rain.,rain,"07149099999,07156099999,07146099999,07157099999,C1292,07147099999,07150099999"
2024-09-15,rain,2024-09-15T07:27:42,2024-09-15T20:02:52,"Rain, Partially cloudy",Partly cloudy throughout the day with morning rain.,rain,"07149099999,07156099999,07146099999,07157099999,C1292,07147099999,07150099999"
2024-09-16,rain,2024-09-16T07:29:07,2024-09-16T20:00:44,Overcast,Cloudy skies throughout the day.,cloudy,"07149099999,07156099999,07146099999,07157099999,C1292,07147099999,07150099999"
2024-09-17,rain,2024-09-17T07:30:32,2024-09-17T19:58:36,"Rain, Partially cloudy",Partly cloudy throughout the day with early morning rain.,rain,"07149099999,07156099999,07146099999,07157099999,C1292,07147099999,07150099999"
2024-09-18,,2024-09-18T07:31:58,2024-09-18T19:56:28,Partially cloudy,Partly cloudy throughout the day.,partly-cloudy-day,"07149099999,07156099999,07146099999,07157099999,07147099999,C1292,07150099999"
2024-09-19,rain,2024-09-19T07:33:23,2024-09-19T19:54:20,Partially cloudy,Partly cloudy throughout the day.,partly-cloudy-day,"07149099999,07156099999,07146099999,07157099999,C1292,07147099999,07150099999"
2024-09-20,rain,2024-09-20T07:34:49,2024-09-20T19:52:12,"Rain, Partially cloudy",Partly cloudy throughout the day with late afternoon rain.,rain,"07149099999,07156099999,07146099999,07157099999,C1292,07147099999,07150099999"
2024-09-21,rain,2024-09-21T07:36:15,2024-09-21T19:50:04,"Rain, Partially cloudy",Partly cloudy throughout the day with rain clearing later.,rain,"07149099999,07156099999,07146099999,07157099999,C1292,07147099999,07150099999"
2024-09-22,rain,2024-09-22T07:37:40,2024-09-22T19:47:56,"Rain, Overcast",Cloudy skies throughout the day with a chance of rain throughout the day.,rain,"07149099999,07156099999,07146099999,07157099999,C1292,07147099999,07150099999"
2024-09-23,rain,2024-09-23T07:39:06,2024-09-23T19:45:48,"Rain, Overcast",Cloudy skies throughout the day with a chance of rain throughout the day.,rain,"LFPV,C1292,LFPO,LFPB"
2024-09-24,rain,2024-09-24T07:40:33,2024-09-24T19:43:41,"Rain, Overcast",Cloudy skies throughout the day with a chance of rain throughout the day.,rain,"LFPV,C1292,LFPO,LFPB"
2024-09-25,rain,2024-09-25T07:41:59,2024-09-25T19:41:33,"Rain, Overcast",Cloudy skies throughout the day with rain.,rain,"LFPV,C1292,LFPO,LFPB"
2024-09-26,rain,2024-09-26T07:43:25,2024-09-26T19:39:26,"Rain, Partially cloudy",Partly cloudy throughout the day with a chance of rain throughout the day.,rain,"LFPV,C1292,LFPO,LFPB"
2024-09-27,rain,2024-09-27T07:44:52,2024-09-27T19:37:18,"Rain, Partially cloudy",Partly cloudy throughout the day with rain.,rain,"LFPV,C1292,LFPO,LFPB"
2024-09-28,rain,2024-09-28T07:46:19,2024-09-28T19:35:11,"Rain, Partially cloudy",Partly cloudy throughout the day with early morning rain.,rain,"LFPV,C1292,LFPO,D3623,LFPB"
2024-09-29,,2024-09-29T07:47:46,2024-09-29T19:33:05,Partially cloudy,Partly cloudy throughout the day.,partly-cloudy-day,"LFPV,LFPO,D3623,LFPB"
2024-09-30,rain,2024-09-30T07:49:13,2024-09-30T19:30:58,"Rain, Overcast",Cloudy skies throughout the day with morning rain.,rain,"LFPV,LFPO,D3623,LFPB"
2024-10-01,rain,2024-10-01T07:50:41,2024-10-01T19:28:52,Partially cloudy,Partly cloudy throughout the day.,partly-cloudy-day,"LFPV,LFPO,C1292,D3623,LFPB"
2024-10-02,rain,2024-10-02T07:52:08,2024-10-02T19:26:47,Partially cloudy,Partly cloudy throughout the day.,partly-cloudy-day,"LFPV,C1292,LFPO,LFPB"
2024-10-03,rain,2024-10-03T07:53:36,2024-10-03T19:24:41,Partially cloudy,Partly cloudy throughout the day.,partly-cloudy-day,
2024-10-04,,2024-10-04T07:55:05,2024-10-04T19:22:36,Partially cloudy,Partly cloudy throughout the day.,partly-cloudy-day,
2024-10-05,,2024-10-05T07:56:33,2024-10-05T19:20:32,Partially cloudy,Partly cloudy throughout the day.,partly-cloudy-day,
2024-10-06,rain,2024-10-06T07:58:02,2024-10-06T19:18:28,Overcast,Cloudy skies throughout the day.,cloudy,
2024-10-07,rain,2024-10-07T07:59:31,2024-10-07T19:16:24,"Rain, Overcast",Cloudy skies throughout the day with a chance of rain.,rain,
2024-10-08,rain,2024-10-08T08:01:00,2024-10-08T19:14:22,"Rain, Overcast",Cloudy skies throughout the day with a chance of rain.,rain,
2024-10-09,rain,2024-10-09T08:02:30,2024-10-09T19:12:19,"Rain, Overcast",Cloudy skies throughout the day with late afternoon rain.,rain,
2024-10-10,rain,2024-10-10T08:04:00,2024-10-10T19:10:18,"Rain, Overcast",Cloudy skies throughout the day with early morning rain.,rain,
2024-10-11,rain,2024-10-11T08:05:30,2024-10-11T19:08:17,"Rain, Partially cloudy",Partly cloudy throughout the day with a chance of rain.,rain,
2024-10-12,rain,2024-10-12T08:07:00,2024-10-12T19:06:16,"Rain, Partially cloudy",Partly cloudy throughout the day with a chance of rain.,rain,
2024-10-13,rain,2024-10-13T08:08:31,2024-10-13T19:04:17,Overcast,Cloudy skies throughout the day.,cloudy,
2024-10-14,rain,2024-10-14T08:10:02,2024-10-14T19:02:18,Overcast,Cloudy skies throughout the day.,cloudy,
2024-10-15,rain,2024-10-15T08:11:33,2024-10-15T19:00:20,Overcast,Cloudy skies throughout the day.,cloudy,
2024-10-16,rain,2024-10-16T08:13:05,2024-10-16T18:58:23,Partially cloudy,Partly cloudy throughout the day.,partly-cloudy-day,
